CREATE DATABASE WCM_DB;

USE DATABASE WCM_DB;

CREATE TABLE USERS (
    USER_ID STRING PRIMARY KEY,
    PWD_HASH STRING,
    FIRSTNAME STRING,
    LASTNAME STRING,
    USER_EMAIL STRING,
    POSITION STRING,
    CREATE_DATE DATE,
    LAST_UPD_DATE DATE,
    ACTIVE NUMBER(1, 0)
);

CREATE TABLE PERMISSIONS (
    PERMISSION_ID STRING PRIMARY KEY,     
    DESCRIPTION STRING
);

CREATE TABLE USER_PERMISSION (
    USER_ID STRING,
    PERMISSION_ID STRING,
    FOREIGN KEY(USER_ID) REFERENCES USERS(USER_ID),
    FOREIGN KEY(PERMISSION_ID) REFERENCES PERMISSIONS(PERMISSION_ID)
);

CREATE TABLE CITIES (
    CITY STRING
);

CREATE TABLE WEATHER_DATA (
    ID INTEGER,
    OBSERVATION_TIME TIMESTAMP_NTZ,
    TEMPERATURE FLOAT,
    WEATHER_CODE INTEGER,
    WIND_SPEED FLOAT,
    WIND_DEGREE INTEGER,
    WIND_DIR STRING,
    PRESSURE FLOAT,
    PRECIP FLOAT,
    HUMIDITY INTEGER,
    CLOUDCOVER INTEGER,
    FEELSLIKE FLOAT,
    UV_INDEX INTEGER,
    VISIBILITY INTEGER,
    TIME STRING,
    CITY STRING
);

CREATE TABLE FORECAST_DATA (
    ID INTEGER,
    DATE TIMESTAMP_NTZ,
    TEMPERATURE FLOAT,
    WIND_SPEED FLOAT,
    WIND_DEGREE FLOAT,
    PRESSURE FLOAT,
    PRECIP FLOAT,
    HUMIDITY FLOAT,
    CLOUDCOVER FLOAT,
    FEELSLIKE FLOAT,
    UV_INDEX FLOAT,
    CITY STRING  
);

CREATE TABLE MODEL_DATA (
    MODEL_NAME STRING,
    RUN_NAME STRING,
    LEARNING_RATE INTEGER,
    FCST_HORIZON INTEGER,
    FCST_HISTORY INTEGER,
    EPOCHS_NUMBER INTEGER,
    BATCH_SIZE INTEGER,
    PADDING_PATCH STRING,
    STRIDE INTEGER,
    PATCH_LEN INTEGER,
    DROPOUT INTEGER,
    ATTN_DROPOUT INTEGER,
    D_FF INTEGER,
    D_MODEL INTEGER,
    N_HEADS INTEGER,
    N_LAYERS INTEGER,
    TEMPERATURE_MSE FLOAT,
    TEMPERATURE_MAE FLOAT,
    WIND_SPEED_MSE FLOAT,
    WIND_SPEED_MAE FLOAT,
    WIND_DEGREE_MSE FLOAT,
    WIND_DEGREE_MAE FLOAT,
    PRESSURE_MSE FLOAT,
    PRESSURE_MAE FLOAT,
    PRECIP_MSE FLOAT,
    PRECIP_MAE FLOAT,
    HUMIDITY_MSE FLOAT,
    HUMIDITY_MAE FLOAT,
    CLOUDCOVER_MSE FLOAT,
    CLOUDCOVER_MAE FLOAT,
    FEELSLIKE_MSE FLOAT,
    FEELSLIKE_MAE FLOAT,
    UV_INDEX_MSE FLOAT,
    UV_INDEX_MAE FLOAT
);

INSERT INTO USERS (USER_ID, PWD_HASH, CREATE_DATE, LAST_UPD_DATE, ACTIVE)
VALUES
('external_client', '$2b$12$4mDimtgnr1BfIPFuU.hGK.sZGCzibTzRlgWEliug6IeGoPuZhXnry', current_date, current_date, 1),
('admax', '$2b$12$4mDimtgnr1BfIPFuU.hGK.sZGCzibTzRlgWEliug6IeGoPuZhXnry', current_date, current_date, 1),
('backend', '$2b$12$4mDimtgnr1BfIPFuU.hGK.sZGCzibTzRlgWEliug6IeGoPuZhXnry', current_date, current_date, 1),
('test', '$2b$12$4mDimtgnr1BfIPFuU.hGK.sZGCzibTzRlgWEliug6IeGoPuZhXnry', current_date, current_date, 1);


INSERT INTO PERMISSIONS (PERMISSION_ID, DESCRIPTION)
VALUES 
('training', 'launch model training'),
('user_management', 'user management'),
('get_data', 'get data from weather api'),
('forecast', 'get 7 days forecast');

INSERT INTO USER_PERMISSION (USER_ID, PERMISSION_ID)
VALUES
('external_client', 'forecast'),
('admax', 'forecast'),
('admax', 'get_data'),
('admax', 'user_management'),
('admax', 'training'),
('backend', 'training'),
('backend', 'get_data'),
('test', 'forecast');

INSERT INTO CITIES (CITY)
VALUES
('Margaux'),
('Soussan'),
('Macau, FR'),
('Castelnau-de-Medoc'),
('Lamarque, FR'),
('Ludon-Medoc'),
('Arsac')